<?xml version="1.0" encoding="UTF-8"?>
<metadata xml:lang="it"><Esri><CreaDate>20210309</CreaDate><CreaTime>08454300</CreaTime><ArcGISFormat>1.0</ArcGISFormat><SyncOnce>TRUE</SyncOnce><DataProperties><lineage><Process ToolSource="c:\program files (x86)\arcgis\desktop10.6\ArcToolbox\Toolboxes\Data Management Tools.tbx\CalculateField" Date="20201105" Time="113620">CalculateField Civici_Villesse_RDN2008 ISTAT "31025" VB #</Process><Process ToolSource="c:\program files (x86)\arcgis\desktop10.6\ArcToolbox\Toolboxes\Data Management Tools.tbx\CalculateField" Date="20201105" Time="113650">CalculateField Civici_Villesse_RDN2008 COMUNE "VILLESSE" VB #</Process><Process ToolSource="c:\program files (x86)\arcgis\desktop10.6\ArcToolbox\Toolboxes\Data Management Tools.tbx\CalculateField" Date="20201105" Time="120331">CalculateField Civici_Villesse_RDN2008 INDIRIZZO "VENETA, androna" VB #</Process><Process ToolSource="c:\program files (x86)\arcgis\desktop10.6\ArcToolbox\Toolboxes\Data Management Tools.tbx\CalculateField" Date="20201105" Time="120406">CalculateField Civici_Villesse_RDN2008 COD_VIA "1" VB #</Process><Process ToolSource="c:\program files (x86)\arcgis\desktop10.6\ArcToolbox\Toolboxes\Data Management Tools.tbx\CalculateField" Date="20201105" Time="120520">CalculateField Civici_Villesse_RDN2008 INDIRIZZO "PADRE GIACOMO MONTANARI, corte" VB #</Process><Process ToolSource="c:\program files (x86)\arcgis\desktop10.6\ArcToolbox\Toolboxes\Data Management Tools.tbx\CalculateField" Date="20201105" Time="120551">CalculateField Civici_Villesse_RDN2008 COD_VIA "84" VB #</Process><Process ToolSource="c:\program files (x86)\arcgis\desktop10.6\ArcToolbox\Toolboxes\Data Management Tools.tbx\CalculateField" Date="20201105" Time="120711">CalculateField Civici_Villesse_RDN2008 INDIRIZZO "PAOLO DIACONO, corte" VB #</Process><Process ToolSource="c:\program files (x86)\arcgis\desktop10.6\ArcToolbox\Toolboxes\Data Management Tools.tbx\CalculateField" Date="20201105" Time="120742">CalculateField Civici_Villesse_RDN2008 COD_VIA "90" VB #</Process><Process ToolSource="c:\program files (x86)\arcgis\desktop10.6\ArcToolbox\Toolboxes\Data Management Tools.tbx\CalculateField" Date="20201105" Time="120909">CalculateField Civici_Villesse_RDN2008 INDIRIZZO ""SAN PAOLINO D'AQUILEIA, corte"" VB #</Process><Process ToolSource="c:\program files (x86)\arcgis\desktop10.6\ArcToolbox\Toolboxes\Data Management Tools.tbx\CalculateField" Date="20201105" Time="120938">CalculateField Civici_Villesse_RDN2008 COD_VIA "85" VB #</Process><Process ToolSource="c:\program files (x86)\arcgis\desktop10.6\ArcToolbox\Toolboxes\Data Management Tools.tbx\CalculateField" Date="20201105" Time="121108">CalculateField Civici_Villesse_RDN2008 INDIRIZZO " MARANUZ, località" VB #</Process><Process ToolSource="c:\program files (x86)\arcgis\desktop10.6\ArcToolbox\Toolboxes\Data Management Tools.tbx\CalculateField" Date="20201105" Time="121127">CalculateField Civici_Villesse_RDN2008 INDIRIZZO "MARANUZ, località" VB #</Process><Process ToolSource="c:\program files (x86)\arcgis\desktop10.6\ArcToolbox\Toolboxes\Data Management Tools.tbx\CalculateField" Date="20201105" Time="121149">CalculateField Civici_Villesse_RDN2008 COD_VIA "72" VB #</Process><Process ToolSource="c:\program files (x86)\arcgis\desktop10.6\ArcToolbox\Toolboxes\Data Management Tools.tbx\CalculateField" Date="20201105" Time="121251">CalculateField Civici_Villesse_RDN2008 INDIRIZZO "DANTE, piazza" VB #</Process><Process ToolSource="c:\program files (x86)\arcgis\desktop10.6\ArcToolbox\Toolboxes\Data Management Tools.tbx\CalculateField" Date="20201105" Time="121317">CalculateField Civici_Villesse_RDN2008 COD_VIA "30" VB #</Process><Process ToolSource="c:\program files (x86)\arcgis\desktop10.6\ArcToolbox\Toolboxes\Data Management Tools.tbx\CalculateField" Date="20201105" Time="121409">CalculateField Civici_Villesse_RDN2008 INDIRIZZO "SAN ROCCO, piazza" VB #</Process><Process ToolSource="c:\program files (x86)\arcgis\desktop10.6\ArcToolbox\Toolboxes\Data Management Tools.tbx\CalculateField" Date="20201105" Time="121432">CalculateField Civici_Villesse_RDN2008 COD_VIA "105" VB #</Process><Process ToolSource="c:\program files (x86)\arcgis\desktop10.6\ArcToolbox\Toolboxes\Data Management Tools.tbx\CalculateField" Date="20201105" Time="121538">CalculateField Civici_Villesse_RDN2008 INDIRIZZO "AQUILEIA, via" VB #</Process><Process ToolSource="c:\program files (x86)\arcgis\desktop10.6\ArcToolbox\Toolboxes\Data Management Tools.tbx\CalculateField" Date="20201105" Time="121603">CalculateField Civici_Villesse_RDN2008 COD_VIA "5" VB #</Process><Process ToolSource="c:\program files (x86)\arcgis\desktop10.6\ArcToolbox\Toolboxes\Data Management Tools.tbx\CalculateField" Date="20201105" Time="121716">CalculateField Civici_Villesse_RDN2008 INDIRIZZO "ARMANDO DIAZ, via" VB #</Process><Process ToolSource="c:\program files (x86)\arcgis\desktop10.6\ArcToolbox\Toolboxes\Data Management Tools.tbx\CalculateField" Date="20201105" Time="121754">CalculateField Civici_Villesse_RDN2008 COD_VIA "40" VB #</Process><Process ToolSource="c:\program files (x86)\arcgis\desktop10.6\ArcToolbox\Toolboxes\Data Management Tools.tbx\CalculateField" Date="20201105" Time="121856">CalculateField Civici_Villesse_RDN2008 INDIRIZZO "ARTURO ZARDINI, via" VB #</Process><Process ToolSource="c:\program files (x86)\arcgis\desktop10.6\ArcToolbox\Toolboxes\Data Management Tools.tbx\CalculateField" Date="20201105" Time="121926">CalculateField Civici_Villesse_RDN2008 COD_VIA "130" VB #</Process><Process ToolSource="c:\program files (x86)\arcgis\desktop10.6\ArcToolbox\Toolboxes\Data Management Tools.tbx\CalculateField" Date="20201105" Time="124159">CalculateField Civici_Villesse_RDN2008 INDIRIZZO "CARSO, via" VB #</Process><Process ToolSource="c:\program files (x86)\arcgis\desktop10.6\ArcToolbox\Toolboxes\Data Management Tools.tbx\CalculateField" Date="20201105" Time="124235">CalculateField Civici_Villesse_RDN2008 COD_VIA "10" VB #</Process><Process ToolSource="c:\program files (x86)\arcgis\desktop10.6\ArcToolbox\Toolboxes\Data Management Tools.tbx\CalculateField" Date="20201105" Time="124333">CalculateField Civici_Villesse_RDN2008 INDIRIZZO "CATERINA PERCOTO, via" VB #</Process><Process ToolSource="c:\program files (x86)\arcgis\desktop10.6\ArcToolbox\Toolboxes\Data Management Tools.tbx\CalculateField" Date="20201105" Time="124356">CalculateField Civici_Villesse_RDN2008 COD_VIA "95" VB #</Process><Process ToolSource="c:\program files (x86)\arcgis\desktop10.6\ArcToolbox\Toolboxes\Data Management Tools.tbx\CalculateField" Date="20201105" Time="124456">CalculateField Civici_Villesse_RDN2008 INDIRIZZO "CESARE AUGUSTO SEGHIZZI, via" VB #</Process><Process ToolSource="c:\program files (x86)\arcgis\desktop10.6\ArcToolbox\Toolboxes\Data Management Tools.tbx\CalculateField" Date="20201105" Time="124521">CalculateField Civici_Villesse_RDN2008 COD_VIA "110" VB #</Process><Process ToolSource="c:\program files (x86)\arcgis\desktop10.6\ArcToolbox\Toolboxes\Data Management Tools.tbx\CalculateField" Date="20201105" Time="124633">CalculateField Civici_Villesse_RDN2008 INDIRIZZO "CIVIDALE, via" VB #</Process><Process ToolSource="c:\program files (x86)\arcgis\desktop10.6\ArcToolbox\Toolboxes\Data Management Tools.tbx\CalculateField" Date="20201105" Time="124658">CalculateField Civici_Villesse_RDN2008 COD_VIA "15" VB #</Process><Process ToolSource="c:\program files (x86)\arcgis\desktop10.6\ArcToolbox\Toolboxes\Data Management Tools.tbx\CalculateField" Date="20201105" Time="124820">CalculateField Civici_Villesse_RDN2008 INDIRIZZO "COSSUTTIS, via" VB #</Process><Process ToolSource="c:\program files (x86)\arcgis\desktop10.6\ArcToolbox\Toolboxes\Data Management Tools.tbx\CalculateField" Date="20201105" Time="124857">CalculateField Civici_Villesse_RDN2008 COD_VIA "25" VB #</Process><Process ToolSource="c:\program files (x86)\arcgis\desktop10.6\ArcToolbox\Toolboxes\Data Management Tools.tbx\CalculateField" Date="20201105" Time="125024">CalculateField Civici_Villesse_RDN2008 INDIRIZZO "DE IACOMINI, via" VB #</Process><Process ToolSource="c:\program files (x86)\arcgis\desktop10.6\ArcToolbox\Toolboxes\Data Management Tools.tbx\CalculateField" Date="20201105" Time="125048">CalculateField Civici_Villesse_RDN2008 COD_VIA "35" VB #</Process><Process ToolSource="c:\program files (x86)\arcgis\desktop10.6\ArcToolbox\Toolboxes\Data Management Tools.tbx\CalculateField" Date="20201105" Time="125139">CalculateField Civici_Villesse_RDN2008 INDIRIZZO "DELLA RESISTENZA, via" VB #</Process><Process ToolSource="c:\program files (x86)\arcgis\desktop10.6\ArcToolbox\Toolboxes\Data Management Tools.tbx\CalculateField" Date="20201105" Time="125209">CalculateField Civici_Villesse_RDN2008 COD_VIA "97" VB #</Process><Process ToolSource="c:\program files (x86)\arcgis\desktop10.6\ArcToolbox\Toolboxes\Data Management Tools.tbx\CalculateField" Date="20201105" Time="125607">CalculateField Civici_Villesse_RDN2008 INDIRIZZO "ENRICO FERMI, via" VB #</Process><Process ToolSource="c:\program files (x86)\arcgis\desktop10.6\ArcToolbox\Toolboxes\Data Management Tools.tbx\CalculateField" Date="20201105" Time="125634">CalculateField Civici_Villesse_RDN2008 COD_VIA "45" VB #</Process><Process ToolSource="c:\program files (x86)\arcgis\desktop10.6\ArcToolbox\Toolboxes\Data Management Tools.tbx\CalculateField" Date="20201105" Time="125733">CalculateField Civici_Villesse_RDN2008 INDIRIZZO "FOSSATTIS, via" VB #</Process><Process ToolSource="c:\program files (x86)\arcgis\desktop10.6\ArcToolbox\Toolboxes\Data Management Tools.tbx\CalculateField" Date="20201105" Time="125800">CalculateField Civici_Villesse_RDN2008 COD_VIA "50" VB #</Process><Process ToolSource="c:\program files (x86)\arcgis\desktop10.6\ArcToolbox\Toolboxes\Data Management Tools.tbx\CalculateField" Date="20201105" Time="125903">CalculateField Civici_Villesse_RDN2008 INDIRIZZO "GEMINA, via" VB #</Process><Process ToolSource="c:\program files (x86)\arcgis\desktop10.6\ArcToolbox\Toolboxes\Data Management Tools.tbx\CalculateField" Date="20201105" Time="125922">CalculateField Civici_Villesse_RDN2008 COD_VIA "55" VB #</Process><Process ToolSource="c:\program files (x86)\arcgis\desktop10.6\ArcToolbox\Toolboxes\Data Management Tools.tbx\CalculateField" Date="20201105" Time="130028">CalculateField Civici_Villesse_RDN2008 INDIRIZZO "GIULIA, via" VB #</Process><Process ToolSource="c:\program files (x86)\arcgis\desktop10.6\ArcToolbox\Toolboxes\Data Management Tools.tbx\CalculateField" Date="20201105" Time="130050">CalculateField Civici_Villesse_RDN2008 COD_VIA "60" VB #</Process><Process ToolSource="c:\program files (x86)\arcgis\desktop10.6\ArcToolbox\Toolboxes\Data Management Tools.tbx\CalculateField" Date="20201105" Time="130155">CalculateField Civici_Villesse_RDN2008 INDIRIZZO "IACOPO TOMADINI, via" VB #</Process><Process ToolSource="c:\program files (x86)\arcgis\desktop10.6\ArcToolbox\Toolboxes\Data Management Tools.tbx\CalculateField" Date="20201105" Time="130219">CalculateField Civici_Villesse_RDN2008 COD_VIA "115" VB #</Process><Process ToolSource="c:\program files (x86)\arcgis\desktop10.6\ArcToolbox\Toolboxes\Data Management Tools.tbx\CalculateField" Date="20201105" Time="130319">CalculateField Civici_Villesse_RDN2008 INDIRIZZO "ISONZO, via" VB #</Process><Process ToolSource="c:\program files (x86)\arcgis\desktop10.6\ArcToolbox\Toolboxes\Data Management Tools.tbx\CalculateField" Date="20201105" Time="130342">CalculateField Civici_Villesse_RDN2008 COD_VIA "65" VB #</Process><Process ToolSource="c:\program files (x86)\arcgis\desktop10.6\ArcToolbox\Toolboxes\Data Management Tools.tbx\CalculateField" Date="20201105" Time="130448">CalculateField Civici_Villesse_RDN2008 INDIRIZZO "MADONNA DEL PIANO, via" VB #</Process><Process ToolSource="c:\program files (x86)\arcgis\desktop10.6\ArcToolbox\Toolboxes\Data Management Tools.tbx\CalculateField" Date="20201105" Time="130513">CalculateField Civici_Villesse_RDN2008 COD_VIA "70" VB #</Process><Process ToolSource="c:\program files (x86)\arcgis\desktop10.6\ArcToolbox\Toolboxes\Data Management Tools.tbx\CalculateField" Date="20201105" Time="132613">CalculateField Civici_Villesse_RDN2008 INDIRIZZO "MASSIMILIANO FREMAUT, via" VB #</Process><Process ToolSource="c:\program files (x86)\arcgis\desktop10.6\ArcToolbox\Toolboxes\Data Management Tools.tbx\CalculateField" Date="20201105" Time="132635">CalculateField Civici_Villesse_RDN2008 COD_VIA "52" VB #</Process><Process ToolSource="c:\program files (x86)\arcgis\desktop10.6\ArcToolbox\Toolboxes\Data Management Tools.tbx\CalculateField" Date="20201105" Time="132808">CalculateField Civici_Villesse_RDN2008 INDIRIZZO "MONTE SANTO, via" VB #</Process><Process ToolSource="c:\program files (x86)\arcgis\desktop10.6\ArcToolbox\Toolboxes\Data Management Tools.tbx\CalculateField" Date="20201105" Time="132832">CalculateField Civici_Villesse_RDN2008 COD_VIA "75" VB #</Process><Process ToolSource="c:\program files (x86)\arcgis\desktop10.6\ArcToolbox\Toolboxes\Data Management Tools.tbx\CalculateField" Date="20201105" Time="132935">CalculateField Civici_Villesse_RDN2008 INDIRIZZO "NUOVA, via" VB #</Process><Process ToolSource="c:\program files (x86)\arcgis\desktop10.6\ArcToolbox\Toolboxes\Data Management Tools.tbx\CalculateField" Date="20201105" Time="133005">CalculateField Civici_Villesse_RDN2008 COD_VIA "80" VB #</Process><Process ToolSource="c:\program files (x86)\arcgis\desktop10.6\ArcToolbox\Toolboxes\Data Management Tools.tbx\CalculateField" Date="20201105" Time="133318">CalculateField Civici_Villesse_RDN2008 INDIRIZZO "PIETRO ZORUTTI, via" VB #</Process><Process ToolSource="c:\program files (x86)\arcgis\desktop10.6\ArcToolbox\Toolboxes\Data Management Tools.tbx\CalculateField" Date="20201105" Time="133348">CalculateField Civici_Villesse_RDN2008 COD_VIA "135" VB #</Process><Process ToolSource="c:\program files (x86)\arcgis\desktop10.6\ArcToolbox\Toolboxes\Data Management Tools.tbx\CalculateField" Date="20201105" Time="133448">CalculateField Civici_Villesse_RDN2008 INDIRIZZO "PRIMO MAGGIO, via" VB #</Process><Process ToolSource="c:\program files (x86)\arcgis\desktop10.6\ArcToolbox\Toolboxes\Data Management Tools.tbx\CalculateField" Date="20201105" Time="133518">CalculateField Civici_Villesse_RDN2008 COD_VIA "96" VB #</Process><Process ToolSource="c:\program files (x86)\arcgis\desktop10.6\ArcToolbox\Toolboxes\Data Management Tools.tbx\CalculateField" Date="20201105" Time="133613">CalculateField Civici_Villesse_RDN2008 INDIRIZZO "ROMA, via" VB #</Process><Process ToolSource="c:\program files (x86)\arcgis\desktop10.6\ArcToolbox\Toolboxes\Data Management Tools.tbx\CalculateField" Date="20201105" Time="133636">CalculateField Civici_Villesse_RDN2008 COD_VIA "100" VB #</Process><Process ToolSource="c:\program files (x86)\arcgis\desktop10.6\ArcToolbox\Toolboxes\Data Management Tools.tbx\CalculateField" Date="20201105" Time="133742">CalculateField Civici_Villesse_RDN2008 INDIRIZZO "TORRENTE TORRE, via" VB #</Process><Process ToolSource="c:\program files (x86)\arcgis\desktop10.6\ArcToolbox\Toolboxes\Data Management Tools.tbx\CalculateField" Date="20201105" Time="133813">CalculateField Civici_Villesse_RDN2008 COD_VIA "120" VB #</Process><Process ToolSource="c:\program files (x86)\arcgis\desktop10.6\ArcToolbox\Toolboxes\Data Management Tools.tbx\CalculateField" Date="20201105" Time="133911">CalculateField Civici_Villesse_RDN2008 INDIRIZZO "TRIESTE, via" VB #</Process><Process ToolSource="c:\program files (x86)\arcgis\desktop10.6\ArcToolbox\Toolboxes\Data Management Tools.tbx\CalculateField" Date="20201105" Time="133942">CalculateField Civici_Villesse_RDN2008 COD_VIA "125" VB #</Process><Process ToolSource="c:\program files (x86)\arcgis\desktop10.6\ArcToolbox\Toolboxes\Data Management Tools.tbx\CalculateField" Date="20201105" Time="134024">CalculateField Civici_Villesse_RDN2008 INDIRIZZO "UDINE, via" VB #</Process><Process ToolSource="c:\program files (x86)\arcgis\desktop10.6\ArcToolbox\Toolboxes\Data Management Tools.tbx\CalculateField" Date="20201105" Time="134046">CalculateField Civici_Villesse_RDN2008 COD_VIA "127" VB #</Process><Process ToolSource="c:\program files (x86)\arcgis\desktop10.6\ArcToolbox\Toolboxes\Data Management Tools.tbx\CalculateField" Date="20201105" Time="134143">CalculateField Civici_Villesse_RDN2008 INDIRIZZO "COSSEBIA, vicolo" VB #</Process><Process ToolSource="c:\program files (x86)\arcgis\desktop10.6\ArcToolbox\Toolboxes\Data Management Tools.tbx\CalculateField" Date="20201105" Time="134204">CalculateField Civici_Villesse_RDN2008 COD_VIA "20" VB #</Process><Process ToolSource="c:\program files (x86)\arcgis\desktop10.6\ArcToolbox\Toolboxes\Data Management Tools.tbx\CalculateField" Date="20201105" Time="140152">CalculateField Civici_Villesse_RDN2008 CIV [CIVICO] VB #</Process><Process ToolSource="c:\program files (x86)\arcgis\desktop10.6\ArcToolbox\Toolboxes\Data Management Tools.tbx\CalculateField" Date="20201105" Time="140335">CalculateField Civici_Villesse_RDN2008 TOT "[COMUNE]&amp;" - "&amp; [INDIRIZZO]&amp;" nr "&amp; [CIV]" VB #</Process></lineage></DataProperties></Esri></metadata>
